Workbook

Sheet Peso_Corte
A1: Data | B1: ID_Lote | C1: Setor | D1: Peso_Esperado_kg | E1: Peso_Real_kg | F1: Status | G1: Nome_Supervisor | J1: Peso_Total | K1: Média | L1: Mediana
A2: 46054 | B2: id_1 | C2: Corte | D2: 20 | E2: 18 | F2: =IF(E2<(D2 * 0.95),"Alerta de Perda","Normal") -> Alerta de Perda | G2: =_xlfn.XLOOKUP(Peso_Corte!C2,Supervisores!$A:$A,Supervisores!$B:$B,"Setor sem Supervisor",) -> João | I2: Peso_Esperado_kg | J2: =SUM(D2:D12) -> 500 | K2: =(AVERAGE(D2:D12)) -> 45.454545 | L2: =(MEDIAN(D2:D12)) -> 50
A3: 46055 | B3: id_2 | C3: Corte | D3: 30 | E3: 27 | F3: =IF(E3<(D3 * 0.95),"Alerta de Perda","Normal") -> Alerta de Perda | G3: =_xlfn.XLOOKUP(Peso_Corte!C3,Supervisores!$A:$A,Supervisores!$B:$B,"Setor sem Supervisor",) -> João | I3: Peso_Real_kg | J3: =SUM(E2:E12) -> 476 | K3: =AVERAGE(E2:E12) -> 43.272727 | L3: =(MEDIAN(E2:E12)) -> 46
A4: 46056 | B4: id_3 | C4: Corte | D4: 50 | E4: 46 | F4: =IF(E4<(D4 * 0.95),"Alerta de Perda","Normal") -> Alerta de Perda | G4: =_xlfn.XLOOKUP(Peso_Corte!C4,Supervisores!$A:$A,Supervisores!$B:$B,"Setor sem Supervisor",) -> João
A5: 46057 | B5: id_4 | C5: Corte | D5: 50 | E5: 48 | F5: =IF(E5<(D5 * 0.95),"Alerta de Perda","Normal") -> Normal | G5: =_xlfn.XLOOKUP(Peso_Corte!C5,Supervisores!$A:$A,Supervisores!$B:$B,"Setor sem Supervisor",) -> João
A6: 46058 | B6: id_5 | C6: Embalagem | D6: 10 | E6: 9 | F6: =IF(E6<(D6 * 0.95),"Alerta de Perda","Normal") -> Alerta de Perda | G6: =_xlfn.XLOOKUP(Peso_Corte!C6,Supervisores!$A:$A,Supervisores!$B:$B,"Setor sem Supervisor",) -> Maria
A7: 46059 | B7: id_6 | C7: Corte | D7: 50 | E7: 49 | F7: =IF(E7<(D7 * 0.95),"Alerta de Perda","Normal") -> Normal | G7: =_xlfn.XLOOKUP(Peso_Corte!C7,Supervisores!$A:$A,Supervisores!$B:$B,"Setor sem Supervisor",) -> João
A8: 46060 | B8: id_7 | C8: Corte | D8: 80 | E8: 75 | F8: =IF(E8<(D8 * 0.95),"Alerta de Perda","Normal") -> Alerta de Perda | G8: =_xlfn.XLOOKUP(Peso_Corte!C8,Supervisores!$A:$A,Supervisores!$B:$B,"Setor sem Supervisor",) -> João
A9: 46061 | B9: id_8 | C9: Corte | D9: 20 | E9: 19 | F9: =IF(E9<(D9 * 0.95),"Alerta de Perda","Normal") -> Normal | G9: =_xlfn.XLOOKUP(Peso_Corte!C9,Supervisores!$A:$A,Supervisores!$B:$B,"Setor sem Supervisor",) -> João
A10: 46062 | B10: id_9 | C10: Corte | D10: 40 | E10: 37 | F10: =IF(E10<(D10 * 0.95),"Alerta de Perda","Normal") -> Alerta de Perda | G10: =_xlfn.XLOOKUP(Peso_Corte!C10,Supervisores!$A:$A,Supervisores!$B:$B,"Setor sem Supervisor",) -> João
A11: 46063 | B11: id_10 | C11: Corte | D11: 50 | E11: 48 | F11: =IF(E11<(D11 * 0.95),"Alerta de Perda","Normal") -> Normal | G11: =_xlfn.XLOOKUP(Peso_Corte!C11,Supervisores!$A:$A,Supervisores!$B:$B,"Setor sem Supervisor",) -> João
A12: 46064 | B12: id_11 | C12: Resfriamento | D12: 100 | E12: 100 | F12: =IF(E12<(D12 * 0.95),"Alerta de Perda","Normal") -> Normal | G12: =_xlfn.XLOOKUP(Peso_Corte!C12,Supervisores!$A:$A,Supervisores!$B:$B,"Setor sem Supervisor",) -> Carlos

Sheet Supervisores
A1: Setor | B1: Nome_Supervisor
A2: Corte | B2: João
A3: Embalagem | B3: Maria
A4: Resfriamento | B4: Carlos

Sheet Pivot_Table
A1: Status | B1: All
A2: Nome_Supervisor | B2: All
A4: Rótulos de Linha | B4: Total Peso Esperado | C4: Total Peso Real | D4: Média Peso Esperado | E4: Média Peso Real | F4: Mediana_Esperada | G4: Mediana_Real
A5: Corte | B5: 390 | C5: 367 | D5: 43.333333 | E5: 40.777778 | F5: 50 | G5: 46
A6: Embalagem | B6: 10 | C6: 9 | D6: 10 | E6: 9 | F6: 10 | G6: 9
A7: Resfriamento | B7: 100 | C7: 100 | D7: 100 | E7: 100 | F7: 100 | G7: 100
A8: Total Geral | B8: 500 | C8: 476 | D8: 45.454545 | E8: 43.272727 | F8: 50 | G8: 46
